{
  "accuracy": [
    0.2913735653461681,
    0.2928544983339504,
    0.28841169937060346,
    0.28619029988893,
    0.28730099962976674,
    0.2817475009255831,
    0.28433913365420216,
    0.2839689004072566,
    0.2817475009255831,
    0.28582006664198445
  ],
  "mean_accuracy": 0.28637541651240284,
  "std_accuracy": 0.0037279544531638236,
  "f1-score": [
    0.16272965879265092,
    0.16154521510096573,
    0.16216216216216214,
    0.16392020815264527,
    0.1641337386018237,
    0.1623488773747841,
    0.16356555603634793,
    0.1634948096885813,
    0.16307161345987922,
    0.1645734084019056
  ],
  "mean_f1": 0.1631545247771746,
  "std_f1": 0.000957671732511714
}