{
  "accuracy": [
    0.784,
    0.772,
    0.768,
    0.788,
    0.788,
    0.776,
    0.776,
    0.792,
    0.776,
    0.788
  ],
  "mean_accuracy": 0.7808,
  "std_accuracy": 0.008175845182269817,
  "sem_accuracy": 0.002585429257288711,
  "precision": [
    0.8548387096774194,
    0.8492063492063492,
    0.8473684210526315,
    0.8567567567567568,
    0.8567567567567568,
    0.851063829787234,
    0.851063829787234,
    0.8586956521739131,
    0.851063829787234,
    0.8567567567567568
  ],
  "mean_precision": 0.8533570891742286,
  "std_precision": 0.003862045762313811,
  "sem_precision": 0.001221286103671292,
  "recall": [
    0.771186440677966,
    0.7584745762711864,
    0.7542372881355932,
    0.7754237288135593,
    0.7754237288135593,
    0.7627118644067796,
    0.7627118644067796,
    0.7796610169491525,
    0.7627118644067796,
    0.7754237288135593
  ],
  "mean_recall": 0.7677966101694915,
  "std_recall": 0.00866085294731969,
  "sem_recall": 0.0027388021793312515,
  "f1-score": [
    0.7667426912709931,
    0.7519970761760559,
    0.7470165398841511,
    0.7715950423195601,
    0.7715950423195601,
    0.7569444444444444,
    0.7569444444444444,
    0.7764171711612547,
    0.7569444444444444,
    0.7715950423195601
  ],
  "mean_f1": 0.7627791938784468,
  "std_f1": 0.01000949278946973,
  "sem_f1": 0.003165279543775659
}