{
  "accuracy": [
    0.784,
    0.772,
    0.78,
    0.776,
    0.784,
    0.788,
    0.776,
    0.772,
    0.784,
    0.776,
    0.776,
    0.788,
    0.784,
    0.788,
    0.788,
    0.788,
    0.788,
    0.772,
    0.788,
    0.776,
    0.776,
    0.776,
    0.772,
    0.776,
    0.788,
    0.788,
    0.776,
    0.776,
    0.784,
    0.78
  ],
  "mean_accuracy": 0.7806666666666667,
  "std_accuracy": 0.006041998603644066,
  "sem_accuracy": 0.0011031129758768568,
  "precision": [
    0.8548387096774194,
    0.8492063492063492,
    0.8529411764705883,
    0.851063829787234,
    0.8548387096774194,
    0.8567567567567568,
    0.851063829787234,
    0.8492063492063492,
    0.8548387096774194,
    0.851063829787234,
    0.851063829787234,
    0.8567567567567568,
    0.8548387096774194,
    0.8567567567567568,
    0.8567567567567568,
    0.8567567567567568,
    0.8567567567567568,
    0.8492063492063492,
    0.8567567567567568,
    0.851063829787234,
    0.851063829787234,
    0.851063829787234,
    0.8492063492063492,
    0.851063829787234,
    0.8567567567567568,
    0.8567567567567568,
    0.851063829787234,
    0.851063829787234,
    0.8548387096774194,
    0.8529411764705883
  ],
  "mean_precision": 0.8532783468945607,
  "std_precision": 0.0028566954942711624,
  "sem_precision": 0.0005215588540452286,
  "recall": [
    0.771186440677966,
    0.7584745762711864,
    0.7669491525423728,
    0.7627118644067796,
    0.771186440677966,
    0.7754237288135593,
    0.7627118644067796,
    0.7584745762711864,
    0.771186440677966,
    0.7627118644067796,
    0.7627118644067796,
    0.7754237288135593,
    0.771186440677966,
    0.7754237288135593,
    0.7754237288135593,
    0.7754237288135593,
    0.7754237288135593,
    0.7584745762711864,
    0.7754237288135593,
    0.7627118644067796,
    0.7627118644067796,
    0.7627118644067796,
    0.7584745762711864,
    0.7627118644067796,
    0.7754237288135593,
    0.7754237288135593,
    0.7627118644067796,
    0.7627118644067796,
    0.771186440677966,
    0.7669491525423728
  ],
  "mean_recall": 0.7676553672316384,
  "std_recall": 0.0064004222496229285,
  "sem_recall": 0.0011685518812254796,
  "f1-score": [
    0.7667426912709931,
    0.7519970761760559,
    0.7618594017908173,
    0.7569444444444444,
    0.7667426912709931,
    0.7715950423195601,
    0.7569444444444444,
    0.7519970761760559,
    0.7667426912709931,
    0.7569444444444444,
    0.7569444444444444,
    0.7715950423195601,
    0.7667426912709931,
    0.7715950423195601,
    0.7715950423195601,
    0.7715950423195601,
    0.7715950423195601,
    0.7519970761760559,
    0.7715950423195601,
    0.7569444444444444,
    0.7569444444444444,
    0.7569444444444444,
    0.7519970761760559,
    0.7569444444444444,
    0.7715950423195601,
    0.7715950423195601,
    0.7569444444444444,
    0.7569444444444444,
    0.7667426912709931,
    0.7618594017908173
  ],
  "mean_f1": 0.762640679665377,
  "std_f1": 0.007391968892340926,
  "sem_f1": 0.0013495827022372005
}