{
  "accuracy": [
    0.45649759348389485,
    0.4587189929655683,
    0.44761199555720105,
    0.45649759348389485,
    0.45982969270640506,
    0.46538319141058865,
    0.44020733061828954,
    0.4609403924472418,
    0.44650129581636433,
    0.44427989633469084
  ],
  "mean_accuracy": 0.45364679748241393,
  "std_accuracy": 0.008346549793123076,
  "sem_accuracy": 0.002639410795027611,
  "precision": [
    0.5398223228443849,
    0.539456205894562,
    0.5372726240308165,
    0.5404922548706483,
    0.5416106060916502,
    0.5416948924061245,
    0.540363391733505,
    0.539759593551317,
    0.5398285668232476,
    0.5381741744232801
  ],
  "mean_precision": 0.5398474632669537,
  "std_precision": 0.0013660604598809633,
  "sem_precision": 0.00043198624747209125,
  "recall": [
    0.6290703388546705,
    0.6281863460522378,
    0.6200530580423947,
    0.6311625475250049,
    0.6350670799971919,
    0.6359954109966118,
    0.6285789238380621,
    0.6293945619201395,
    0.6278177847897816,
    0.6224251515812109
  ],
  "mean_recall": 0.6287751203597306,
  "std_recall": 0.004894329342842889,
  "sem_recall": 0.001547722834237865,
  "f1-score": [
    0.3937427372695803,
    0.39492837564845595,
    0.38705137955160773,
    0.39406440870258347,
    0.39665560493146695,
    0.4001027452041984,
    0.3838312880436554,
    0.39643495599559964,
    0.38754757394674505,
    0.3854016634566335
  ],
  "mean_f1": 0.3919760732750526,
  "std_f1": 0.005552230678955948,
  "sem_f1": 0.0017557695040163904
}